Discipline,NOC,Number of Athletes
3x3 Basketball,Belgium,4
3x3 Basketball,France,3
3x3 Basketball,Italy,4
3x3 Basketball,Japan,8
3x3 Basketball,Latvia,3
3x3 Basketball,Mongolia,4
3x3 Basketball,Netherlands,4
3x3 Basketball,People's Republic of China,8
3x3 Basketball,Poland,4
3x3 Basketball,ROC,8
3x3 Basketball,Romania,4
3x3 Basketball,Serbia,4
3x3 Basketball,United States of America,4
Archery,Australia,2
Archery,Bangladesh,2
Archery,Belarus,3
Archery,Belgium,1
Archery,Bhutan,1
Archery,Brazil,2
Archery,Canada,1
Archery,Chad,1
Archery,Chile,1
Archery,Chinese Taipei,6
Archery,Colombia,2
Archery,Czech Republic,1
Archery,Denmark,1
Archery,Ecuador,1
Archery,Egypt,2
Archery,Estonia,1
Archery,Finland,1
Archery,France,4
Archery,Germany,4
Archery,Great Britain,5
Archery,Greece,1
Archery,Hungary,1
Archery,India,4
Archery,Indonesia,4
Archery,Islamic Republic of Iran,1
Archery,Israel,1
Archery,Italy,3
Archery,Japan,6
Archery,Kazakhstan,3
Archery,Luxembourg,1
Archery,Malawi,1
Archery,Malaysia,2
Archery,Mexico,4
Archery,Mongolia,2
Archery,Netherlands,4
Archery,People's Republic of China,6
Archery,Poland,2
Archery,ROC,3
Archery,Republic of Korea,6
Archery,Republic of Moldova,2
Archery,Romania,1
Archery,Slovakia,1
Archery,Slovenia,1
Archery,Spain,2
Archery,Sweden,1
Archery,Tunisia,2
Archery,Turkey,2
Archery,Ukraine,4
Archery,United States of America,6
Archery,Vietnam,2
Archery,"Virgin Islands, US",1
Artistic Gymnastics,Albania,1
Artistic Gymnastics,Argentina,1
Artistic Gymnastics,Armenia,1
Artistic Gymnastics,Australia,2
Artistic Gymnastics,Austria,1
Artistic Gymnastics,Azerbaijan,2
Artistic Gymnastics,Belarus,1
Artistic Gymnastics,Belgium,4
Artistic Gymnastics,Brazil,6
Artistic Gymnastics,Bulgaria,1
Artistic Gymnastics,Canada,5
Artistic Gymnastics,Cayman Islands,1
Artistic Gymnastics,Chile,2
Artistic Gymnastics,Chinese Taipei,4
Artistic Gymnastics,Costa Rica,1
Artistic Gymnastics,Croatia,2
Artistic Gymnastics,Cuba,1
Artistic Gymnastics,Cyprus,1
Artistic Gymnastics,Czech Republic,2
Artistic Gymnastics,Egypt,3
Artistic Gymnastics,France,7
Artistic Gymnastics,Germany,8
Artistic Gymnastics,Great Britain,8
Artistic Gymnastics,Greece,1
Artistic Gymnastics,"Hong Kong, China",1
Artistic Gymnastics,Hungary,1
Artistic Gymnastics,India,1
Artistic Gymnastics,Ireland,1
Artistic Gymnastics,Israel,3
Artistic Gymnastics,Italy,6
Artistic Gymnastics,Jamaica,1
Artistic Gymnastics,Japan,11
Artistic Gymnastics,Kazakhstan,1
Artistic Gymnastics,Lithuania,1
Artistic Gymnastics,Malaysia,2
Artistic Gymnastics,Mexico,2
Artistic Gymnastics,Netherlands,6
Artistic Gymnastics,New Zealand,1
Artistic Gymnastics,Nigeria,1
Artistic Gymnastics,Norway,2
Artistic Gymnastics,People's Republic of China,12
Artistic Gymnastics,Peru,1
Artistic Gymnastics,Poland,1
Artistic Gymnastics,Portugal,1
Artistic Gymnastics,ROC,12
Artistic Gymnastics,Republic of Korea,6
Artistic Gymnastics,Romania,3
Artistic Gymnastics,Singapore,1
Artistic Gymnastics,Slovakia,1
Artistic Gymnastics,South Africa,1
Artistic Gymnastics,Spain,9
Artistic Gymnastics,Sri Lanka,1
Artistic Gymnastics,Sweden,2
Artistic Gymnastics,Switzerland,4
Artistic Gymnastics,Turkey,5
Artistic Gymnastics,Ukraine,5
Artistic Gymnastics,United States of America,11
Artistic Gymnastics,Uzbekistan,2
Artistic Gymnastics,Vietnam,2
Artistic Swimming,Australia,7
Artistic Swimming,Austria,2
Artistic Swimming,Belarus,2
Artistic Swimming,Canada,6
Artistic Swimming,Colombia,2
Artistic Swimming,Egypt,8
Artistic Swimming,France,2
Artistic Swimming,Great Britain,1
Artistic Swimming,Greece,8
Artistic Swimming,Israel,2
Artistic Swimming,Italy,8
Artistic Swimming,Japan,8
Artistic Swimming,Kazakhstan,2
Artistic Swimming,Liechtenstein,2
Artistic Swimming,Mexico,2
Artistic Swimming,Netherlands,1
Artistic Swimming,People's Republic of China,8
Artistic Swimming,ROC,7
Artistic Swimming,South Africa,2
Artistic Swimming,Spain,8
Artistic Swimming,Ukraine,8
Artistic Swimming,United States of America,2
Athletics,Afghanistan,2
Athletics,Albania,1
Athletics,Algeria,8
Athletics,American Samoa,1
Athletics,Andorra,1
Athletics,Angola,1
Athletics,Antigua and Barbuda,2
Athletics,Argentina,5
Athletics,Armenia,1
Athletics,Australia,65
Athletics,Austria,7
Athletics,Azerbaijan,2
Athletics,Bahamas,14
Athletics,Bahrain,13
Athletics,Bangladesh,1
Athletics,Barbados,6
Athletics,Belarus,33
Athletics,Belgium,30
Athletics,Belize,2
Athletics,Benin,3
Athletics,Bolivia,2
Athletics,Bosnia and Herzegovina,2
Athletics,Botswana,9
Athletics,Brazil,53
Athletics,Brunei Darussalam,1
Athletics,Bulgaria,5
Athletics,Burkina Faso,2
Athletics,Burundi,3
Athletics,Cambodia,1
Athletics,Cameroon,1
Athletics,Canada,56
Athletics,Cape Verde,1
Athletics,Cayman Islands,2
Athletics,Central African Republic,1
Athletics,Chad,1
Athletics,Chile,3
Athletics,Chinese Taipei,6
Athletics,Colombia,24
Athletics,Comoros,2
Athletics,Congo,2
Athletics,Cook Islands,1
Athletics,Costa Rica,3
Athletics,Croatia,7
Athletics,Cuba,18
Athletics,Cyprus,3
Athletics,Czech Republic,31
Athletics,Côte d'Ivoire,3
Athletics,Democratic Republic of Timor-Leste,1
Athletics,Democratic Republic of the Congo,1
Athletics,Denmark,16
Athletics,Djibouti,2
Athletics,Dominica,2
Athletics,Dominican Republic,7
Athletics,Ecuador,18
Athletics,Egypt,5
Athletics,El Salvador,1
Athletics,Equatorial Guinea,2
Athletics,Eritrea,9
Athletics,Estonia,7
Athletics,Eswatini,1
Athletics,Ethiopia,39
Athletics,Federated States of Micronesia,1
Athletics,Fiji,1
Athletics,Finland,22
Athletics,France,66
Athletics,Gabon,1
Athletics,Gambia,2
Athletics,Georgia,5
Athletics,Germany,95
Athletics,Ghana,7
Athletics,Great Britain,75
Athletics,Greece,20
Athletics,Grenada,4
Athletics,Guam,1
Athletics,Guatemala,9
Athletics,Guinea,1
Athletics,Guinea-Bissau,1
Athletics,Guyana,3
Athletics,Haiti,1
Athletics,Honduras,1
Athletics,"Hong Kong, China",2
Athletics,Hungary,19
Athletics,Iceland,1
Athletics,India,25
Athletics,Indonesia,2
Athletics,Iraq,2
Athletics,Ireland,27
Athletics,Islamic Republic of Iran,4
Athletics,Israel,9
Athletics,Italy,73
Athletics,Jamaica,54
Athletics,Japan,70
Athletics,Jordan,1
Athletics,Kazakhstan,10
Athletics,Kenya,37
Athletics,Kiribati,1
Athletics,Kosovo,1
Athletics,Kuwait,2
Athletics,Kyrgyzstan,3
Athletics,Lao People's Democratic Republic,1
Athletics,Latvia,7
Athletics,Lebanon,1
Athletics,Lesotho,2
Athletics,Liberia,3
Athletics,Libya,1
Athletics,Lithuania,9
Athletics,Luxembourg,2
Athletics,Madagascar,1
Athletics,Malawi,1
Athletics,Malaysia,2
Athletics,Maldives,1
Athletics,Mali,2
Athletics,Malta,1
Athletics,Mauritania,2
Athletics,Mauritius,1
Athletics,Mexico,18
Athletics,Monaco,1
Athletics,Mongolia,3
Athletics,Montenegro,2
Athletics,Morocco,16
Athletics,Mozambique,1
Athletics,Namibia,4
Athletics,Nauru,1
Athletics,Nepal,1
Athletics,Netherlands,44
Athletics,New Zealand,12
Athletics,Nicaragua,1
Athletics,Niger,2
Athletics,Nigeria,20
Athletics,North Macedonia,1
Athletics,Norway,15
Athletics,Oman,2
Athletics,Pakistan,2
Athletics,Palau,1
Athletics,Palestine,1
Athletics,Panama,4
Athletics,Papua New Guinea,1
Athletics,Paraguay,2
Athletics,People's Republic of China,53
Athletics,Peru,7
Athletics,Philippines,2
Athletics,Poland,64
Athletics,Portugal,19
Athletics,Puerto Rico,4
Athletics,Qatar,8
Athletics,ROC,10
Athletics,Refugee Olympic Team,6
Athletics,Republic of Korea,6
Athletics,Republic of Moldova,5
Athletics,Romania,10
Athletics,Rwanda,2
Athletics,Saint Kitts and Nevis,2
Athletics,Saint Lucia,1
Athletics,Samoa,1
Athletics,Sao Tome and Principe,1
Athletics,Saudi Arabia,2
Athletics,Senegal,1
Athletics,Serbia,5
Athletics,Seychelles,1
Athletics,Sierra Leone,1
Athletics,Singapore,1
Athletics,Slovakia,9
Athletics,Slovenia,7
Athletics,Solomon Islands,1
Athletics,Somalia,1
Athletics,South Africa,30
Athletics,South Sudan,2
Athletics,Spain,58
Athletics,Sri Lanka,2
Athletics,Sudan,1
Athletics,Sweden,20
Athletics,Switzerland,30
Athletics,Syrian Arab Republic,1
Athletics,Tajikistan,1
Athletics,Thailand,2
Athletics,Togo,1
Athletics,Tonga,1
Athletics,Trinidad and Tobago,22
Athletics,Tunisia,3
Athletics,Turkey,24
Athletics,Turkmenistan,1
Athletics,Tuvalu,2
Athletics,Uganda,18
Athletics,Ukraine,48
Athletics,United Republic of Tanzania,2
Athletics,United States of America,144
Athletics,Uruguay,3
Athletics,Uzbekistan,7
Athletics,Venezuela,4
Athletics,Vietnam,1
Athletics,"Virgin Islands, British",2
Athletics,"Virgin Islands, US",1
Athletics,Yemen,1
Athletics,Zambia,2
Athletics,Zimbabwe,1
Badminton,Australia,4
Badminton,Austria,1
Badminton,Azerbaijan,1
Badminton,Belgium,1
Badminton,Brazil,2
Badminton,Bulgaria,2
Badminton,Canada,8
Badminton,Chinese Taipei,5
Badminton,Denmark,8
Badminton,Egypt,3
Badminton,Estonia,2
Badminton,Finland,1
Badminton,France,4
Badminton,Germany,5
Badminton,Great Britain,7
Badminton,Guatemala,2
Badminton,"Hong Kong, China",4
Badminton,Hungary,2
Badminton,India,3
Badminton,Indonesia,10
Badminton,Ireland,1
Badminton,Islamic Republic of Iran,1
Badminton,Israel,2
Badminton,Japan,11
Badminton,Malaysia,8
Badminton,Maldives,1
Badminton,Malta,1
Badminton,Mauritius,1
Badminton,Mexico,2
Badminton,Myanmar,1
Badminton,Netherlands,3
Badminton,Nigeria,2
Badminton,Pakistan,1
Badminton,People's Republic of China,14
Badminton,Peru,1
Badminton,ROC,3
Badminton,Refugee Olympic Team,1
Badminton,Republic of Korea,10
Badminton,Singapore,2
Badminton,Slovakia,1
Badminton,Spain,2
Badminton,Sri Lanka,1
Badminton,Suriname,1
Badminton,Sweden,1
Badminton,Switzerland,1
Badminton,Thailand,7
Badminton,Turkey,1
Badminton,Ukraine,2
Badminton,United States of America,4
Badminton,Vietnam,2
Baseball/Softball,Australia,15
Baseball/Softball,Canada,14
Baseball/Softball,Dominican Republic,21
Baseball/Softball,Israel,22
Baseball/Softball,Italy,14
Baseball/Softball,Japan,37
Baseball/Softball,Mexico,37
Baseball/Softball,Republic of Korea,22
Baseball/Softball,United States of America,38
Basketball,Argentina,12
Basketball,Australia,23
Basketball,Belgium,12
Basketball,Canada,12
Basketball,Czech Republic,12
Basketball,France,23
Basketball,Germany,12
Basketball,Islamic Republic of Iran,12
Basketball,Italy,10
Basketball,Japan,23
Basketball,Nigeria,23
Basketball,People's Republic of China,12
Basketball,Puerto Rico,12
Basketball,Republic of Korea,11
Basketball,Serbia,12
Basketball,Slovenia,12
Basketball,Spain,24
Basketball,United States of America,23
Beach Volleyball,Argentina,3
Beach Volleyball,Australia,4
Beach Volleyball,Brazil,7
Beach Volleyball,Canada,3
Beach Volleyball,Chile,2
Beach Volleyball,Cuba,2
Beach Volleyball,Czech Republic,4
Beach Volleyball,Germany,6
Beach Volleyball,Italy,6
Beach Volleyball,Japan,4
Beach Volleyball,Kenya,2
Beach Volleyball,Latvia,4
Beach Volleyball,Mexico,1
Beach Volleyball,Morocco,2
Beach Volleyball,Netherlands,6
Beach Volleyball,Norway,2
Beach Volleyball,People's Republic of China,4
Beach Volleyball,Poland,4
Beach Volleyball,Qatar,1
Beach Volleyball,ROC,6
Beach Volleyball,Spain,4
Beach Volleyball,Switzerland,5
Beach Volleyball,United States of America,8
Boxing,Algeria,8
Boxing,Antigua and Barbuda,1
Boxing,Argentina,5
Boxing,Armenia,2
Boxing,Australia,4
Boxing,Azerbaijan,3
Boxing,Bahrain,1
Boxing,Belarus,4
Boxing,Botswana,2
Boxing,Brazil,7
Boxing,Bulgaria,3
Boxing,Burundi,1
Boxing,Cameroon,3
Boxing,Canada,5
Boxing,Cape Verde,1
Boxing,Chinese Taipei,4
Boxing,Colombia,6
Boxing,Croatia,2
Boxing,Cuba,7
Boxing,Democratic Republic of the Congo,4
Boxing,Dominican Republic,7
Boxing,Ecuador,4
Boxing,Egypt,2
Boxing,El Salvador,1
Boxing,Eswatini,1
Boxing,France,5
Boxing,Georgia,3
Boxing,Germany,3
Boxing,Ghana,3
Boxing,Great Britain,10
Boxing,Guyana,1
Boxing,Haiti,1
Boxing,Hungary,1
Boxing,India,7
Boxing,Ireland,6
Boxing,Islamic Republic of Iran,2
Boxing,Italy,3
Boxing,Jamaica,1
Boxing,Japan,6
Boxing,Jordan,5
Boxing,Kazakhstan,8
Boxing,Kenya,4
Boxing,Kosovo,1
Boxing,Mauritius,2
Boxing,Mexico,3
Boxing,Mongolia,3
Boxing,Morocco,6
Boxing,Mozambique,1
Boxing,Namibia,1
Boxing,Netherlands,2
Boxing,New Zealand,1
Boxing,Panama,1
Boxing,Papua New Guinea,1
Boxing,People's Republic of China,6
Boxing,Peru,2
Boxing,Philippines,4
Boxing,Poland,2
Boxing,Puerto Rico,1
Boxing,ROC,11
Boxing,Refugee Olympic Team,1
Boxing,Republic of Korea,2
Boxing,Romania,2
Boxing,Samoa,2
Boxing,Serbia,1
Boxing,Somalia,1
Boxing,Spain,4
Boxing,Sweden,2
Boxing,Tajikistan,2
Boxing,Thailand,4
Boxing,Trinidad and Tobago,1
Boxing,Tunisia,2
Boxing,Turkey,6
Boxing,Uganda,3
Boxing,Ukraine,5
Boxing,United States of America,8
Boxing,Uzbekistan,11
Boxing,Venezuela,3
Boxing,Vietnam,2
Boxing,Zambia,3
Canoe Slalom,Andorra,1
Canoe Slalom,Argentina,1
Canoe Slalom,Australia,3
Canoe Slalom,Austria,3
Canoe Slalom,Belgium,1
Canoe Slalom,Brazil,2
Canoe Slalom,Canada,4
Canoe Slalom,Chinese Taipei,1
Canoe Slalom,Cook Islands,1
Canoe Slalom,Croatia,1
Canoe Slalom,Czech Republic,4
Canoe Slalom,France,3
Canoe Slalom,Germany,4
Canoe Slalom,Great Britain,3
Canoe Slalom,Ireland,1
Canoe Slalom,Italy,3
Canoe Slalom,Japan,3
Canoe Slalom,Kazakhstan,2
Canoe Slalom,Mexico,1
Canoe Slalom,Morocco,2
Canoe Slalom,Netherlands,1
Canoe Slalom,New Zealand,2
Canoe Slalom,People's Republic of China,3
Canoe Slalom,Poland,4
Canoe Slalom,Portugal,1
Canoe Slalom,ROC,2
Canoe Slalom,Senegal,1
Canoe Slalom,Slovakia,4
Canoe Slalom,Slovenia,4
Canoe Slalom,Spain,4
Canoe Slalom,Sweden,1
Canoe Slalom,Switzerland,4
Canoe Slalom,Ukraine,1
Canoe Slalom,United States of America,2
Canoe Sprint,Algeria,1
Canoe Sprint,Argentina,3
Canoe Sprint,Australia,13
Canoe Sprint,Austria,2
Canoe Sprint,Belarus,12
Canoe Sprint,Belgium,2
Canoe Sprint,Belize,1
Canoe Sprint,Brazil,3
Canoe Sprint,Bulgaria,1
Canoe Sprint,Canada,14
Canoe Sprint,Chile,2
Canoe Sprint,Cook Islands,2
Canoe Sprint,Croatia,2
Canoe Sprint,Cuba,5
Canoe Sprint,Czech Republic,4
Canoe Sprint,Denmark,4
Canoe Sprint,Egypt,2
Canoe Sprint,France,8
Canoe Sprint,Germany,15
Canoe Sprint,Great Britain,4
Canoe Sprint,Hungary,17
Canoe Sprint,Islamic Republic of Iran,1
Canoe Sprint,Italy,4
Canoe Sprint,Japan,8
Canoe Sprint,Kazakhstan,5
Canoe Sprint,Latvia,1
Canoe Sprint,Lithuania,1
Canoe Sprint,New Zealand,6
Canoe Sprint,Nigeria,1
Canoe Sprint,Norway,1
Canoe Sprint,People's Republic of China,14
Canoe Sprint,Poland,8
Canoe Sprint,Portugal,7
Canoe Sprint,ROC,14
Canoe Sprint,Republic of Korea,1
Canoe Sprint,Republic of Moldova,3
Canoe Sprint,Romania,1
Canoe Sprint,Samoa,3
Canoe Sprint,Sao Tome and Principe,2
Canoe Sprint,Serbia,3
Canoe Sprint,Slovakia,4
Canoe Sprint,Slovenia,2
Canoe Sprint,Spain,11
Canoe Sprint,Sweden,2
Canoe Sprint,Thailand,1
Canoe Sprint,Tunisia,2
Canoe Sprint,Ukraine,10
Canoe Sprint,United States of America,1
Canoe Sprint,Uzbekistan,2
Cycling BMX Freestyle,Australia,2
Cycling BMX Freestyle,Chile,1
Cycling BMX Freestyle,Costa Rica,1
Cycling BMX Freestyle,France,1
Cycling BMX Freestyle,Germany,2
Cycling BMX Freestyle,Great Britain,2
Cycling BMX Freestyle,Japan,2
Cycling BMX Freestyle,ROC,2
Cycling BMX Freestyle,Switzerland,1
Cycling BMX Freestyle,United States of America,4
Cycling BMX Freestyle,Venezuela,1
Cycling BMX Racing,Argentina,1
Cycling BMX Racing,Australia,3
Cycling BMX Racing,Belgium,1
Cycling BMX Racing,Brazil,2
Cycling BMX Racing,Canada,2
Cycling BMX Racing,Colombia,2
Cycling BMX Racing,Denmark,1
Cycling BMX Racing,Ecuador,1
Cycling BMX Racing,France,5
Cycling BMX Racing,Great Britain,2
Cycling BMX Racing,Italy,1
Cycling BMX Racing,Japan,1
Cycling BMX Racing,Latvia,2
Cycling BMX Racing,Netherlands,5
Cycling BMX Racing,New Zealand,1
Cycling BMX Racing,Norway,1
Cycling BMX Racing,ROC,3
Cycling BMX Racing,South Africa,1
Cycling BMX Racing,Switzerland,3
Cycling BMX Racing,Thailand,1
Cycling BMX Racing,United States of America,4
Cycling Mountain Bike,Argentina,1
Cycling Mountain Bike,Australia,2
Cycling Mountain Bike,Austria,1
Cycling Mountain Bike,Belgium,2
Cycling Mountain Bike,Brazil,3
Cycling Mountain Bike,Canada,3
Cycling Mountain Bike,Chile,1
Cycling Mountain Bike,Czech Republic,2
Cycling Mountain Bike,Denmark,3
Cycling Mountain Bike,Estonia,1
Cycling Mountain Bike,France,4
Cycling Mountain Bike,Germany,4
Cycling Mountain Bike,Great Britain,2
Cycling Mountain Bike,Greece,1
Cycling Mountain Bike,Hungary,2
Cycling Mountain Bike,Israel,1
Cycling Mountain Bike,Italy,4
Cycling Mountain Bike,Japan,1
Cycling Mountain Bike,Mexico,2
Cycling Mountain Bike,Namibia,2
Cycling Mountain Bike,Netherlands,4
Cycling Mountain Bike,New Zealand,1
Cycling Mountain Bike,Norway,1
Cycling Mountain Bike,People's Republic of China,2
Cycling Mountain Bike,Poland,2
Cycling Mountain Bike,Portugal,1
Cycling Mountain Bike,ROC,2
Cycling Mountain Bike,Romania,1
Cycling Mountain Bike,Slovenia,1
Cycling Mountain Bike,South Africa,2
Cycling Mountain Bike,Spain,3
Cycling Mountain Bike,Sweden,1
Cycling Mountain Bike,Switzerland,6
Cycling Mountain Bike,Ukraine,1
Cycling Mountain Bike,United States of America,4
Cycling Road,Algeria,2
Cycling Road,Argentina,1
Cycling Road,Australia,8
Cycling Road,Austria,4
Cycling Road,Azerbaijan,1
Cycling Road,Belarus,2
Cycling Road,Belgium,8
Cycling Road,Burkina Faso,1
Cycling Road,Canada,6
Cycling Road,Chile,1
Cycling Road,Chinese Taipei,1
Cycling Road,Colombia,5
Cycling Road,Costa Rica,2
Cycling Road,Croatia,1
Cycling Road,Cuba,1
Cycling Road,Cyprus,1
Cycling Road,Czech Republic,4
Cycling Road,Denmark,6
Cycling Road,Ecuador,2
Cycling Road,Eritrea,3
Cycling Road,Estonia,2
Cycling Road,Ethiopia,1
Cycling Road,France,6
Cycling Road,Germany,7
Cycling Road,Great Britain,5
Cycling Road,Greece,1
Cycling Road,Guatemala,1
Cycling Road,"Hong Kong, China",1
Cycling Road,Hungary,1
Cycling Road,Ireland,2
Cycling Road,Islamic Republic of Iran,1
Cycling Road,Israel,1
Cycling Road,Italy,9
Cycling Road,Japan,4
Cycling Road,Kazakhstan,3
Cycling Road,Latvia,1
Cycling Road,Lithuania,2
Cycling Road,Luxembourg,2
Cycling Road,Mexico,2
Cycling Road,Morocco,1
Cycling Road,Namibia,2
Cycling Road,Netherlands,9
Cycling Road,New Zealand,2
Cycling Road,Norway,6
Cycling Road,Panama,1
Cycling Road,Paraguay,1
Cycling Road,People's Republic of China,2
Cycling Road,Peru,1
Cycling Road,Poland,5
Cycling Road,Portugal,2
Cycling Road,ROC,4
Cycling Road,Refugee Olympic Team,2
Cycling Road,Republic of Korea,1
Cycling Road,Romania,1
Cycling Road,Rwanda,1
Cycling Road,Slovakia,2
Cycling Road,Slovenia,4
Cycling Road,South Africa,4
Cycling Road,Spain,6
Cycling Road,Switzerland,5
Cycling Road,Thailand,1
Cycling Road,Trinidad and Tobago,1
Cycling Road,Turkey,2
Cycling Road,Ukraine,2
Cycling Road,United States of America,7
Cycling Road,Uzbekistan,2
Cycling Road,Venezuela,1
Cycling Track,Australia,16
Cycling Track,Austria,3
Cycling Track,Belarus,2
Cycling Track,Belgium,5
Cycling Track,Canada,14
Cycling Track,Colombia,1
Cycling Track,Czech Republic,1
Cycling Track,Denmark,7
Cycling Track,Egypt,1
Cycling Track,France,12
Cycling Track,Germany,18
Cycling Track,Great Britain,15
Cycling Track,Greece,1
Cycling Track,"Hong Kong, China",4
Cycling Track,Ireland,6
Cycling Track,Italy,10
Cycling Track,Japan,7
Cycling Track,Kazakhstan,2
Cycling Track,Lithuania,2
Cycling Track,Malaysia,2
Cycling Track,Mexico,3
Cycling Track,Netherlands,9
Cycling Track,New Zealand,16
Cycling Track,Norway,1
Cycling Track,People's Republic of China,5
Cycling Track,Poland,9
Cycling Track,Portugal,1
Cycling Track,ROC,9
Cycling Track,Republic of Korea,1
Cycling Track,South Africa,3
Cycling Track,Spain,2
Cycling Track,Suriname,1
Cycling Track,Switzerland,6
Cycling Track,Trinidad and Tobago,2
Cycling Track,Ukraine,2
Cycling Track,United States of America,9
Diving,Australia,7
Diving,Brazil,4
Diving,Canada,9
Diving,Colombia,2
Diving,Dominican Republic,1
Diving,Egypt,2
Diving,France,3
Diving,Germany,7
Diving,Great Britain,11
Diving,Ireland,2
Diving,Italy,6
Diving,Jamaica,1
Diving,Japan,11
Diving,Malaysia,5
Diving,Mexico,13
Diving,Netherlands,2
Diving,New Zealand,1
Diving,Norway,1
Diving,People's Republic of China,8
Diving,Puerto Rico,1
Diving,ROC,6
Diving,Republic of Korea,5
Diving,Singapore,2
Diving,South Africa,2
Diving,Spain,2
Diving,Sweden,1
Diving,Switzerland,1
Diving,Ukraine,6
Diving,United States of America,10
Diving,Venezuela,1
Equestrian,Argentina,4
Equestrian,Australia,10
Equestrian,Austria,5
Equestrian,Belarus,2
Equestrian,Belgium,10
Equestrian,Brazil,9
Equestrian,Canada,7
Equestrian,Chile,2
Equestrian,Chinese Taipei,1
Equestrian,Colombia,1
Equestrian,Czech Republic,6
Equestrian,Denmark,6
Equestrian,Dominican Republic,2
Equestrian,Ecuador,1
Equestrian,Egypt,4
Equestrian,Estonia,1
Equestrian,Finland,1
Equestrian,France,11
Equestrian,Germany,11
Equestrian,Great Britain,11
Equestrian,"Hong Kong, China",1
Equestrian,India,1
Equestrian,Ireland,9
Equestrian,Israel,3
Equestrian,Italy,6
Equestrian,Japan,12
Equestrian,Jordan,1
Equestrian,Latvia,1
Equestrian,Luxembourg,1
Equestrian,Mexico,5
Equestrian,Morocco,5
Equestrian,Netherlands,10
Equestrian,New Zealand,8
Equestrian,Norway,1
Equestrian,People's Republic of China,8
Equestrian,Poland,4
Equestrian,Portugal,4
Equestrian,Puerto Rico,1
Equestrian,ROC,6
Equestrian,Republic of Korea,1
Equestrian,Singapore,1
Equestrian,South Africa,1
Equestrian,Spain,5
Equestrian,Sri Lanka,1
Equestrian,Sweden,11
Equestrian,Switzerland,8
Equestrian,Syrian Arab Republic,1
Equestrian,Thailand,3
Equestrian,Ukraine,2
Equestrian,United States of America,11
Fencing,Algeria,3
Fencing,Argentina,1
Fencing,Azerbaijan,1
Fencing,Brazil,2
Fencing,Canada,11
Fencing,Chile,1
Fencing,Colombia,1
Fencing,Czech Republic,2
Fencing,Egypt,12
Fencing,Estonia,4
Fencing,France,17
Fencing,Georgia,1
Fencing,Germany,9
Fencing,Great Britain,1
Fencing,Greece,1
Fencing,"Hong Kong, China",8
Fencing,Hungary,12
Fencing,India,1
Fencing,Islamic Republic of Iran,4
Fencing,Italy,23
Fencing,Japan,19
Fencing,Kazakhstan,1
Fencing,Mexico,1
Fencing,Morocco,1
Fencing,Netherlands,1
Fencing,People's Republic of China,15
Fencing,Peru,1
Fencing,Poland,5
Fencing,ROC,21
Fencing,Republic of Korea,18
Fencing,Romania,2
Fencing,Senegal,1
Fencing,Singapore,2
Fencing,Spain,1
Fencing,Switzerland,4
Fencing,Tunisia,7
Fencing,Turkey,1
Fencing,Ukraine,4
Fencing,United States of America,24
Fencing,Uzbekistan,3
Fencing,Venezuela,2
Football,Argentina,19
Football,Australia,43
Football,Brazil,41
Football,Canada,22
Football,Chile,21
Football,Côte d'Ivoire,20
Football,Egypt,20
Football,France,21
Football,Germany,17
Football,Great Britain,21
Football,Honduras,20
Football,Japan,42
Football,Mexico,21
Football,Netherlands,20
Football,New Zealand,39
Football,People's Republic of China,20
Football,Republic of Korea,20
Football,Romania,20
Football,Saudi Arabia,21
Football,South Africa,19
Football,Spain,19
Football,Sweden,20
Football,United States of America,20
Football,Zambia,21
Golf,Argentina,1
Golf,Australia,4
Golf,Austria,3
Golf,Belgium,3
Golf,Canada,4
Golf,Chile,2
Golf,Chinese Taipei,3
Golf,Colombia,2
Golf,Czech Republic,2
Golf,Denmark,4
Golf,Ecuador,1
Golf,Finland,4
Golf,France,4
Golf,Germany,4
Golf,Great Britain,4
Golf,"Hong Kong, China",1
Golf,India,3
Golf,Ireland,4
Golf,Italy,4
Golf,Japan,4
Golf,Malaysia,2
Golf,Mexico,4
Golf,Morocco,1
Golf,Netherlands,1
Golf,New Zealand,2
Golf,Norway,2
Golf,Paraguay,1
Golf,People's Republic of China,4
Golf,Philippines,3
Golf,Poland,1
Golf,Puerto Rico,1
Golf,Republic of Korea,5
Golf,Slovenia,1
Golf,South Africa,3
Golf,Spain,3
Golf,Sweden,4
Golf,Switzerland,2
Golf,Thailand,4
Golf,United States of America,8
Golf,Venezuela,1
Golf,Zimbabwe,1
Handball,Angola,14
Handball,Argentina,15
Handball,Bahrain,14
Handball,Brazil,28
Handball,Denmark,15
Handball,Egypt,14
Handball,France,28
Handball,Germany,15
Handball,Hungary,14
Handball,Japan,28
Handball,Montenegro,15
Handball,Netherlands,15
Handball,Norway,30
Handball,Portugal,12
Handball,ROC,14
Handball,Republic of Korea,15
Handball,Spain,29
Handball,Sweden,28
Hockey,Argentina,35
Hockey,Australia,35
Hockey,Belgium,16
Hockey,Canada,18
Hockey,Germany,33
Hockey,Great Britain,34
Hockey,India,35
Hockey,Ireland,18
Hockey,Japan,32
Hockey,Netherlands,33
Hockey,New Zealand,30
Hockey,People's Republic of China,17
Hockey,South Africa,35
Hockey,Spain,35
Judo,Albania,1
Judo,Algeria,2
Judo,Angola,1
Judo,Argentina,2
Judo,Armenia,1
Judo,Australia,3
Judo,Austria,5
Judo,Azerbaijan,9
Judo,Belarus,3
Judo,Belgium,4
Judo,Benin,1
Judo,Bosnia and Herzegovina,1
Judo,Brazil,11
Judo,Bulgaria,3
Judo,Burkina Faso,1
Judo,Cameroon,2
Judo,Canada,5
Judo,Cape Verde,1
Judo,Chad,1
Judo,Chile,1
Judo,Chinese Taipei,3
Judo,Comoros,1
Judo,Costa Rica,1
Judo,Croatia,3
Judo,Cuba,6
Judo,Czech Republic,2
Judo,Democratic Republic of the Congo,1
Judo,Djibouti,1
Judo,Dominican Republic,1
Judo,Ecuador,3
Judo,Egypt,2
Judo,Estonia,1
Judo,Fiji,1
Judo,France,13
Judo,Gabon,1
Judo,Gambia,1
Judo,Georgia,9
Judo,Germany,11
Judo,Ghana,1
Judo,Great Britain,5
Judo,Greece,2
Judo,Guam,1
Judo,Guatemala,1
Judo,Guinea,1
Judo,Guinea-Bissau,1
Judo,Haiti,1
Judo,Honduras,1
Judo,Hungary,7
Judo,India,1
Judo,Ireland,2
Judo,Israel,12
Judo,Italy,8
Judo,Jamaica,1
Judo,Japan,13
Judo,Jordan,1
Judo,Kazakhstan,6
Judo,Kiribati,1
Judo,Kosovo,4
Judo,Kyrgyzstan,1
Judo,Lao People's Democratic Republic,1
Judo,Latvia,1
Judo,Lebanon,1
Judo,Libya,1
Judo,Liechtenstein,1
Judo,Lithuania,1
Judo,Madagascar,1
Judo,Malawi,1
Judo,Mauritius,1
Judo,Mexico,1
Judo,Monaco,1
Judo,Mongolia,12
Judo,Montenegro,1
Judo,Morocco,2
Judo,Mozambique,1
Judo,Nepal,1
Judo,Netherlands,10
Judo,Nicaragua,1
Judo,Niger,1
Judo,North Macedonia,1
Judo,Pakistan,1
Judo,Palestine,1
Judo,Panama,2
Judo,People's Republic of China,5
Judo,Peru,1
Judo,Philippines,1
Judo,Poland,6
Judo,Portugal,8
Judo,Puerto Rico,3
Judo,Qatar,1
Judo,ROC,13
Judo,Refugee Olympic Team,6
Judo,Republic of Korea,14
Judo,Republic of Moldova,2
Judo,Romania,3
Judo,Samoa,1
Judo,San Marino,1
Judo,Saudi Arabia,2
Judo,Senegal,1
Judo,Serbia,5
Judo,Seychelles,1
Judo,Sierra Leone,1
Judo,Slovenia,5
Judo,South Africa,1
Judo,Spain,7
Judo,Sri Lanka,1
Judo,Sudan,1
Judo,Sweden,4
Judo,Switzerland,2
Judo,Tajikistan,3
Judo,Thailand,1
Judo,Trinidad and Tobago,1
Judo,Tunisia,3
Judo,Turkey,5
Judo,Turkmenistan,1
Judo,Ukraine,7
Judo,United Arab Emirates,2
Judo,United States of America,4
Judo,Uruguay,1
Judo,Uzbekistan,8
Judo,Vanuatu,1
Judo,Venezuela,3
Judo,Vietnam,1
Judo,Zambia,1
Karate,Australia,1
Karate,Austria,1
Karate,Azerbaijan,3
Karate,Bulgaria,1
Karate,Canada,1
Karate,Chinese Taipei,2
Karate,Croatia,1
Karate,Egypt,4
Karate,France,3
Karate,Georgia,1
Karate,Germany,4
Karate,"Hong Kong, China",1
Karate,Hungary,1
Karate,Islamic Republic of Iran,3
Karate,Italy,5
Karate,Japan,8
Karate,Kazakhstan,5
Karate,Kuwait,1
Karate,Latvia,1
Karate,Morocco,1
Karate,New Zealand,1
Karate,North Macedonia,1
Karate,People's Republic of China,2
Karate,Peru,1
Karate,ROC,1
Karate,Refugee Olympic Team,2
Karate,Republic of Korea,1
Karate,Saudi Arabia,1
Karate,Serbia,1
Karate,Spain,2
Karate,Switzerland,1
Karate,Turkey,5
Karate,Ukraine,3
Karate,United States of America,4
Karate,Venezuela,3
Marathon Swimming,Algeria,1
Marathon Swimming,Argentina,1
Marathon Swimming,Australia,2
Marathon Swimming,Canada,2
Marathon Swimming,Czech Republic,1
Marathon Swimming,Ecuador,2
Marathon Swimming,France,3
Marathon Swimming,Germany,4
Marathon Swimming,Great Britain,2
Marathon Swimming,Greece,1
Marathon Swimming,"Hong Kong, China",1
Marathon Swimming,Hungary,2
Marathon Swimming,Israel,1
Marathon Swimming,Italy,3
Marathon Swimming,Japan,2
Marathon Swimming,Mexico,1
Marathon Swimming,Namibia,1
Marathon Swimming,Netherlands,2
Marathon Swimming,People's Republic of China,1
Marathon Swimming,Portugal,2
Marathon Swimming,ROC,2
Marathon Swimming,Singapore,1
Marathon Swimming,Slovenia,1
Marathon Swimming,South Africa,2
Marathon Swimming,Spain,2
Marathon Swimming,Tunisia,1
Marathon Swimming,Ukraine,1
Marathon Swimming,United States of America,3
Marathon Swimming,Venezuela,1
Modern Pentathlon,Argentina,1
Modern Pentathlon,Australia,2
Modern Pentathlon,Belarus,3
Modern Pentathlon,Brazil,1
Modern Pentathlon,Chile,1
Modern Pentathlon,Cuba,2
Modern Pentathlon,Czech Republic,2
Modern Pentathlon,Ecuador,1
Modern Pentathlon,Egypt,4
Modern Pentathlon,France,4
Modern Pentathlon,Germany,4
Modern Pentathlon,Great Britain,4
Modern Pentathlon,Guatemala,1
Modern Pentathlon,Hungary,3
Modern Pentathlon,Ireland,1
Modern Pentathlon,Italy,2
Modern Pentathlon,Japan,3
Modern Pentathlon,Kazakhstan,2
Modern Pentathlon,Latvia,1
Modern Pentathlon,Lithuania,3
Modern Pentathlon,Mexico,4
Modern Pentathlon,People's Republic of China,4
Modern Pentathlon,Poland,3
Modern Pentathlon,ROC,3
Modern Pentathlon,Republic of Korea,3
Modern Pentathlon,Spain,1
Modern Pentathlon,Turkey,1
Modern Pentathlon,Ukraine,1
Modern Pentathlon,United States of America,2
Modern Pentathlon,Uzbekistan,2
Rhythmic Gymnastics,Australia,6
Rhythmic Gymnastics,Azerbaijan,6
Rhythmic Gymnastics,Belarus,7
Rhythmic Gymnastics,Brazil,5
Rhythmic Gymnastics,Bulgaria,7
Rhythmic Gymnastics,Cape Verde,1
Rhythmic Gymnastics,Egypt,6
Rhythmic Gymnastics,Georgia,1
Rhythmic Gymnastics,Hungary,1
Rhythmic Gymnastics,Israel,7
Rhythmic Gymnastics,Italy,7
Rhythmic Gymnastics,Japan,7
Rhythmic Gymnastics,Kazakhstan,1
Rhythmic Gymnastics,Mexico,1
Rhythmic Gymnastics,People's Republic of China,5
Rhythmic Gymnastics,ROC,7
Rhythmic Gymnastics,Slovenia,1
Rhythmic Gymnastics,Ukraine,7
Rhythmic Gymnastics,United States of America,7
Rhythmic Gymnastics,Uzbekistan,5
Rowing,Algeria,2
Rowing,Argentina,2
Rowing,Australia,37
Rowing,Austria,3
Rowing,Belarus,5
Rowing,Belgium,2
Rowing,Benin,1
Rowing,Bermuda,1
Rowing,Canada,28
Rowing,Chile,2
Rowing,Chinese Taipei,1
Rowing,Croatia,3
Rowing,Cuba,1
Rowing,Czech Republic,6
Rowing,Côte d'Ivoire,1
Rowing,Denmark,9
Rowing,Dominican Republic,1
Rowing,Egypt,1
Rowing,Estonia,4
Rowing,France,11
Rowing,Germany,23
Rowing,Great Britain,39
Rowing,Greece,4
Rowing,Guatemala,1
Rowing,"Hong Kong, China",1
Rowing,Hungary,1
Rowing,India,2
Rowing,Indonesia,1
Rowing,Iraq,1
Rowing,Ireland,11
Rowing,Islamic Republic of Iran,1
Rowing,Italy,23
Rowing,Japan,3
Rowing,Kazakhstan,1
Rowing,Kuwait,1
Rowing,Libya,1
Rowing,Lithuania,9
Rowing,Mexico,1
Rowing,Monaco,1
Rowing,Morocco,1
Rowing,Namibia,1
Rowing,Netherlands,34
Rowing,New Zealand,25
Rowing,Nicaragua,2
Rowing,Nigeria,1
Rowing,Norway,7
Rowing,Paraguay,1
Rowing,People's Republic of China,26
Rowing,Peru,1
Rowing,Philippines,1
Rowing,Poland,19
Rowing,Portugal,1
Rowing,Puerto Rico,1
Rowing,Qatar,1
Rowing,ROC,10
Rowing,Republic of Korea,1
Rowing,Romania,34
Rowing,Saudi Arabia,1
Rowing,Serbia,3
Rowing,Singapore,1
Rowing,South Africa,6
Rowing,Spain,6
Rowing,Sudan,1
Rowing,Sweden,1
Rowing,Switzerland,9
Rowing,Thailand,2
Rowing,Togo,1
Rowing,Trinidad and Tobago,1
Rowing,Tunisia,2
Rowing,Turkey,1
Rowing,Uganda,1
Rowing,Ukraine,2
Rowing,United States of America,36
Rowing,Uruguay,2
Rowing,Uzbekistan,2
Rowing,Vanuatu,1
Rowing,Venezuela,2
Rowing,Vietnam,1
Rowing,Zimbabwe,1
Rugby Sevens,Argentina,12
Rugby Sevens,Australia,23
Rugby Sevens,Brazil,12
Rugby Sevens,Canada,23
Rugby Sevens,Fiji,22
Rugby Sevens,France,11
Rugby Sevens,Great Britain,23
Rugby Sevens,Ireland,12
Rugby Sevens,Japan,32
Rugby Sevens,Kenya,21
Rugby Sevens,New Zealand,23
Rugby Sevens,People's Republic of China,11
Rugby Sevens,ROC,11
Rugby Sevens,Republic of Korea,11
Rugby Sevens,South Africa,12
Rugby Sevens,United States of America,24
Sailing,Algeria,2
Sailing,American Samoa,2
Sailing,Angola,2
Sailing,Antigua and Barbuda,1
Sailing,Argentina,11
Sailing,Australia,12
Sailing,Austria,6
Sailing,Belarus,2
Sailing,Belgium,4
Sailing,Brazil,13
Sailing,Canada,9
Sailing,Chile,1
Sailing,Croatia,4
Sailing,Cyprus,4
Sailing,Czech Republic,1
Sailing,Denmark,8
Sailing,Egypt,2
Sailing,El Salvador,1
Sailing,Estonia,2
Sailing,Fiji,1
Sailing,Finland,5
Sailing,France,14
Sailing,Germany,9
Sailing,Great Britain,14
Sailing,Greece,8
Sailing,Guatemala,1
Sailing,"Hong Kong, China",2
Sailing,Hungary,4
Sailing,India,4
Sailing,Ireland,3
Sailing,Israel,5
Sailing,Italy,8
Sailing,Japan,15
Sailing,Lithuania,2
Sailing,Malaysia,3
Sailing,Mexico,4
Sailing,Montenegro,1
Sailing,Mozambique,3
Sailing,Netherlands,10
Sailing,New Zealand,10
Sailing,Norway,8
Sailing,Papua New Guinea,2
Sailing,People's Republic of China,10
Sailing,Peru,5
Sailing,Poland,7
Sailing,Portugal,5
Sailing,Puerto Rico,2
Sailing,ROC,6
Sailing,Republic of Korea,4
Sailing,Saint Lucia,2
Sailing,Samoa,1
Sailing,Seychelles,1
Sailing,Singapore,4
Sailing,Slovenia,3
Sailing,South Africa,3
Sailing,Spain,13
Sailing,Sweden,9
Sailing,Switzerland,6
Sailing,Thailand,2
Sailing,Trinidad and Tobago,1
Sailing,Tunisia,4
Sailing,Turkey,8
Sailing,United States of America,13
Sailing,Uruguay,3
Sailing,Venezuela,1
Shooting,Afghanistan,1
Shooting,Albania,1
Shooting,Algeria,1
Shooting,Argentina,4
Shooting,Armenia,1
Shooting,Aruba,1
Shooting,Australia,14
Shooting,Austria,2
Shooting,Azerbaijan,1
Shooting,Bahrain,1
Shooting,Bangladesh,1
Shooting,Belarus,3
Shooting,Belgium,1
Shooting,Bhutan,1
Shooting,Bosnia and Herzegovina,1
Shooting,Brazil,1
Shooting,Bulgaria,3
Shooting,Canada,1
Shooting,Chile,1
Shooting,Chinese Taipei,5
Shooting,Colombia,1
Shooting,Croatia,4
Shooting,Cuba,5
Shooting,Cyprus,3
Shooting,Czech Republic,8
Shooting,Denmark,3
Shooting,Ecuador,1
Shooting,Egypt,10
Shooting,Estonia,1
Shooting,Finland,3
Shooting,France,10
Shooting,Georgia,1
Shooting,Germany,8
Shooting,Great Britain,5
Shooting,Greece,2
Shooting,Guatemala,3
Shooting,Hungary,4
Shooting,Iceland,1
Shooting,India,13
Shooting,Indonesia,1
Shooting,Iraq,1
Shooting,Ireland,1
Shooting,Islamic Republic of Iran,6
Shooting,Israel,1
Shooting,Italy,14
Shooting,Japan,12
Shooting,Jordan,1
Shooting,Kazakhstan,3
Shooting,Kosovo,1
Shooting,Kuwait,4
Shooting,Kyrgyzstan,1
Shooting,Latvia,1
Shooting,Lebanon,1
Shooting,Lithuania,1
Shooting,Malaysia,1
Shooting,Malta,1
Shooting,Mexico,4
Shooting,Mongolia,4
Shooting,Montenegro,1
Shooting,Morocco,1
Shooting,Myanmar,1
Shooting,Nepal,1
Shooting,New Zealand,2
Shooting,Nicaragua,1
Shooting,North Macedonia,1
Shooting,Norway,5
Shooting,Oman,1
Shooting,Pakistan,3
Shooting,People's Republic of China,24
Shooting,Peru,3
Shooting,Philippines,1
Shooting,Poland,4
Shooting,Portugal,1
Shooting,Puerto Rico,1
Shooting,Qatar,1
Shooting,ROC,17
Shooting,Refugee Olympic Team,1
Shooting,Republic of Korea,15
Shooting,Republic of Moldova,1
Shooting,Romania,1
Shooting,San Marino,1
Shooting,Saudi Arabia,1
Shooting,Senegal,1
Shooting,Serbia,6
Shooting,Singapore,1
Shooting,Slovakia,7
Shooting,Slovenia,1
Shooting,Spain,2
Shooting,Sri Lanka,1
Shooting,Sweden,1
Shooting,Switzerland,2
Shooting,Thailand,6
Shooting,Tunisia,2
Shooting,Turkey,4
Shooting,Ukraine,6
Shooting,United Arab Emirates,1
Shooting,United States of America,19
Shooting,Venezuela,1
Shooting,Vietnam,1
Shooting,Yemen,1
Skateboarding,Australia,5
Skateboarding,Austria,1
Skateboarding,Belgium,2
Skateboarding,Brazil,12
Skateboarding,Canada,4
Skateboarding,Chile,1
Skateboarding,Colombia,1
Skateboarding,Denmark,1
Skateboarding,Finland,1
Skateboarding,France,5
Skateboarding,Germany,2
Skateboarding,Great Britain,1
Skateboarding,Italy,3
Skateboarding,Japan,10
Skateboarding,Netherlands,2
Skateboarding,People's Republic of China,2
Skateboarding,Peru,1
Skateboarding,Philippines,1
Skateboarding,Poland,1
Skateboarding,Portugal,1
Skateboarding,Puerto Rico,1
Skateboarding,South Africa,3
Skateboarding,Spain,4
Skateboarding,Sweden,1
Skateboarding,United States of America,11
Sport Climbing,Australia,2
Sport Climbing,Austria,2
Sport Climbing,Canada,2
Sport Climbing,Czech Republic,1
Sport Climbing,France,4
Sport Climbing,Germany,1
Sport Climbing,Great Britain,1
Sport Climbing,Italy,3
Sport Climbing,Japan,4
Sport Climbing,Kazakhstan,1
Sport Climbing,People's Republic of China,2
Sport Climbing,Poland,1
Sport Climbing,ROC,2
Sport Climbing,Republic of Korea,2
Sport Climbing,Slovenia,2
Sport Climbing,South Africa,2
Sport Climbing,Spain,1
Sport Climbing,Switzerland,1
Sport Climbing,United States of America,3
Surfing,Argentina,1
Surfing,Australia,4
Surfing,Brazil,4
Surfing,Chile,1
Surfing,Costa Rica,2
Surfing,Ecuador,1
Surfing,France,4
Surfing,Germany,1
Surfing,Indonesia,1
Surfing,Israel,1
Surfing,Italy,1
Surfing,Japan,3
Surfing,Morocco,1
Surfing,New Zealand,2
Surfing,Peru,4
Surfing,Portugal,2
Surfing,South Africa,1
Surfing,United States of America,4
Swimming,Afghanistan,1
Swimming,Albania,2
Swimming,Algeria,2
Swimming,American Samoa,1
Swimming,Angola,2
Swimming,Antigua and Barbuda,2
Swimming,Argentina,3
Swimming,Armenia,2
Swimming,Aruba,2
Swimming,Australia,30
Swimming,Austria,7
Swimming,Azerbaijan,2
Swimming,Bahamas,2
Swimming,Bahrain,2
Swimming,Bangladesh,2
Swimming,Barbados,1
Swimming,Belarus,5
Swimming,Belgium,2
Swimming,Benin,2
Swimming,Bhutan,1
Swimming,Bolivia,2
Swimming,Bosnia and Herzegovina,2
Swimming,Botswana,1
Swimming,Brazil,17
Swimming,Brunei Darussalam,1
Swimming,Bulgaria,5
Swimming,Burkina Faso,2
Swimming,Burundi,2
Swimming,Cambodia,2
Swimming,Cameroon,2
Swimming,Canada,20
Swimming,Cape Verde,2
Swimming,Cayman Islands,2
Swimming,Central African Republic,1
Swimming,Chile,2
Swimming,Chinese Taipei,3
Swimming,Colombia,2
Swimming,Congo,1
Swimming,Cook Islands,2
Swimming,Costa Rica,2
Swimming,Croatia,2
Swimming,Cuba,2
Swimming,Cyprus,2
Swimming,Czech Republic,8
Swimming,Côte d'Ivoire,1
Swimming,Democratic Republic of Timor-Leste,2
Swimming,Denmark,9
Swimming,Djibouti,1
Swimming,Dominican Republic,2
Swimming,Ecuador,2
Swimming,Egypt,4
Swimming,El Salvador,2
Swimming,Equatorial Guinea,1
Swimming,Eritrea,1
Swimming,Estonia,3
Swimming,Eswatini,2
Swimming,Ethiopia,1
Swimming,Federated States of Micronesia,2
Swimming,Fiji,2
Swimming,Finland,5
Swimming,France,17
Swimming,Gabon,2
Swimming,Georgia,2
Swimming,Germany,24
Swimming,Ghana,2
Swimming,Great Britain,27
Swimming,Greece,7
Swimming,Grenada,2
Swimming,Guam,2
Swimming,Guatemala,2
Swimming,Guinea,2
Swimming,Guyana,2
Swimming,Haiti,2
Swimming,Honduras,2
Swimming,"Hong Kong, China",6
Swimming,Hungary,20
Swimming,Iceland,2
Swimming,India,3
Swimming,Indonesia,2
Swimming,Ireland,6
Swimming,Islamic Republic of Iran,1
Swimming,Israel,10
Swimming,Italy,29
Swimming,Jamaica,2
Swimming,Japan,25
Swimming,Jordan,1
Swimming,Kazakhstan,2
Swimming,Kenya,2
Swimming,Kosovo,2
Swimming,Kuwait,2
Swimming,Kyrgyzstan,1
Swimming,Lao People's Democratic Republic,2
Swimming,Latvia,2
Swimming,Lebanon,2
Swimming,Libya,1
Swimming,Liechtenstein,2
Swimming,Lithuania,4
Swimming,Luxembourg,2
Swimming,Madagascar,2
Swimming,Malawi,2
Swimming,Malaysia,2
Swimming,Maldives,2
Swimming,Mali,1
Swimming,Malta,2
Swimming,Marshall Islands,2
Swimming,Mauritius,1
Swimming,Mexico,3
Swimming,Monaco,2
Swimming,Mongolia,2
Swimming,Montenegro,2
Swimming,Morocco,2
Swimming,Mozambique,2
Swimming,Nepal,2
Swimming,Netherlands,14
Swimming,New Zealand,6
Swimming,Nicaragua,2
Swimming,Niger,2
Swimming,Nigeria,1
Swimming,North Macedonia,2
Swimming,Norway,4
Swimming,Oman,1
Swimming,Pakistan,2
Swimming,Palau,2
Swimming,Palestine,1
Swimming,Panama,1
Swimming,Papua New Guinea,2
Swimming,Paraguay,2
Swimming,People's Republic of China,25
Swimming,Peru,1
Swimming,Philippines,2
Swimming,Poland,8
Swimming,Portugal,6
Swimming,Puerto Rico,2
Swimming,Qatar,2
Swimming,ROC,28
Swimming,Refugee Olympic Team,2
Swimming,Republic of Korea,8
Swimming,Republic of Moldova,2
Swimming,Romania,3
Swimming,Rwanda,2
Swimming,Saint Lucia,2
Swimming,San Marino,1
Swimming,Saudi Arabia,1
Swimming,Senegal,2
Swimming,Serbia,5
Swimming,Seychelles,2
Swimming,Sierra Leone,2
Swimming,Singapore,3
Swimming,Slovakia,2
Swimming,Slovenia,3
Swimming,Solomon Islands,1
Swimming,South Africa,12
Swimming,Spain,8
Swimming,Sri Lanka,2
Swimming,St Vincent and the Grenadines,2
Swimming,Sudan,2
Swimming,Suriname,1
Swimming,Sweden,10
Swimming,Switzerland,6
Swimming,Syrian Arab Republic,1
Swimming,Tajikistan,2
Swimming,Thailand,2
Swimming,Togo,1
Swimming,Tonga,2
Swimming,Trinidad and Tobago,2
Swimming,Tunisia,1
Swimming,Turkey,10
Swimming,Turkmenistan,2
Swimming,Uganda,2
Swimming,Ukraine,6
Swimming,United Arab Emirates,1
Swimming,United States of America,39
Swimming,Uruguay,2
Swimming,Uzbekistan,2
Swimming,Venezuela,3
Swimming,Vietnam,2
Swimming,"Virgin Islands, British",1
Swimming,"Virgin Islands, US",2
Swimming,Yemen,1
Swimming,Zambia,2
Swimming,Zimbabwe,2
Table Tennis,Algeria,1
Table Tennis,Argentina,2
Table Tennis,Australia,6
Table Tennis,Austria,5
Table Tennis,Brazil,6
Table Tennis,Bulgaria,1
Table Tennis,Cameroon,1
Table Tennis,Canada,3
Table Tennis,Chile,1
Table Tennis,Chinese Taipei,6
Table Tennis,Croatia,3
Table Tennis,Cuba,2
Table Tennis,Czech Republic,3
Table Tennis,Denmark,1
Table Tennis,Ecuador,1
Table Tennis,Egypt,5
Table Tennis,Fiji,1
Table Tennis,France,6
Table Tennis,Germany,6
Table Tennis,Great Britain,3
Table Tennis,Guyana,1
Table Tennis,"Hong Kong, China",6
Table Tennis,Hungary,5
Table Tennis,India,4
Table Tennis,Islamic Republic of Iran,1
Table Tennis,Italy,1
Table Tennis,Japan,6
Table Tennis,Kazakhstan,2
Table Tennis,Luxembourg,2
Table Tennis,Monaco,1
Table Tennis,Mongolia,2
Table Tennis,Netherlands,1
Table Tennis,Nigeria,4
Table Tennis,People's Republic of China,6
Table Tennis,Poland,3
Table Tennis,Portugal,5
Table Tennis,Puerto Rico,3
Table Tennis,ROC,3
Table Tennis,Republic of Korea,6
Table Tennis,Romania,4
Table Tennis,Saudi Arabia,1
Table Tennis,Senegal,1
Table Tennis,Serbia,3
Table Tennis,Singapore,4
Table Tennis,Slovakia,3
Table Tennis,Slovenia,3
Table Tennis,Spain,1
Table Tennis,Sweden,4
Table Tennis,Switzerland,1
Table Tennis,Syrian Arab Republic,1
Table Tennis,Thailand,1
Table Tennis,Togo,1
Table Tennis,Tunisia,2
Table Tennis,Ukraine,3
Table Tennis,United States of America,6
Taekwondo,Afghanistan,1
Taekwondo,Argentina,1
Taekwondo,Australia,4
Taekwondo,Azerbaijan,2
Taekwondo,Belgium,1
Taekwondo,Bosnia and Herzegovina,1
Taekwondo,Brazil,2
Taekwondo,Burkina Faso,1
Taekwondo,Canada,2
Taekwondo,Chinese Taipei,4
Taekwondo,Colombia,2
Taekwondo,Costa Rica,1
Taekwondo,Croatia,3
Taekwondo,Cuba,1
Taekwondo,Côte d'Ivoire,4
Taekwondo,Democratic Republic of the Congo,1
Taekwondo,Dominican Republic,3
Taekwondo,Egypt,4
Taekwondo,Ethiopia,1
Taekwondo,France,2
Taekwondo,Gabon,1
Taekwondo,Germany,1
Taekwondo,Great Britain,5
Taekwondo,Greece,1
Taekwondo,Haiti,1
Taekwondo,Honduras,1
Taekwondo,Hungary,1
Taekwondo,Ireland,1
Taekwondo,Islamic Republic of Iran,3
Taekwondo,Israel,1
Taekwondo,Italy,2
Taekwondo,Japan,4
Taekwondo,Jordan,1
Taekwondo,Kazakhstan,2
Taekwondo,Mali,1
Taekwondo,Mexico,2
Taekwondo,Morocco,3
Taekwondo,New Zealand,1
Taekwondo,Niger,2
Taekwondo,Nigeria,1
Taekwondo,North Macedonia,1
Taekwondo,Norway,1
Taekwondo,People's Republic of China,5
Taekwondo,Philippines,1
Taekwondo,Poland,2
Taekwondo,Portugal,1
Taekwondo,Puerto Rico,1
Taekwondo,ROC,4
Taekwondo,Refugee Olympic Team,3
Taekwondo,Republic of Korea,6
Taekwondo,Serbia,2
Taekwondo,Spain,4
Taekwondo,Thailand,2
Taekwondo,Tonga,1
Taekwondo,Tunisia,1
Taekwondo,Turkey,5
Taekwondo,United States of America,2
Taekwondo,Uzbekistan,4
Taekwondo,Vietnam,1
Tennis,Argentina,7
Tennis,Australia,10
Tennis,Austria,2
Tennis,Belarus,3
Tennis,Belgium,4
Tennis,Bolivia,1
Tennis,Brazil,5
Tennis,Canada,4
Tennis,Chile,1
Tennis,Chinese Taipei,5
Tennis,Colombia,3
Tennis,Croatia,6
Tennis,Czech Republic,6
Tennis,Egypt,2
Tennis,Estonia,1
Tennis,France,9
Tennis,Georgia,1
Tennis,Germany,9
Tennis,Great Britain,5
Tennis,Greece,1
Tennis,Hungary,1
Tennis,India,3
Tennis,Italy,6
Tennis,Japan,10
Tennis,Kazakhstan,7
Tennis,Latvia,1
Tennis,Mexico,2
Tennis,Netherlands,4
Tennis,New Zealand,1
Tennis,Paraguay,1
Tennis,People's Republic of China,5
Tennis,Peru,1
Tennis,Poland,6
Tennis,Portugal,1
Tennis,ROC,8
Tennis,Republic of Korea,1
Tennis,Romania,3
Tennis,Serbia,4
Tennis,Slovakia,3
Tennis,Spain,7
Tennis,Sweden,1
Tennis,Switzerland,2
Tennis,Tunisia,1
Tennis,Ukraine,3
Tennis,United States of America,10
Tennis,Uzbekistan,1
Trampoline Gymnastics,Australia,2
Trampoline Gymnastics,Belarus,2
Trampoline Gymnastics,Canada,2
Trampoline Gymnastics,Colombia,1
Trampoline Gymnastics,Egypt,2
Trampoline Gymnastics,France,2
Trampoline Gymnastics,Great Britain,2
Trampoline Gymnastics,Japan,4
Trampoline Gymnastics,Mexico,1
Trampoline Gymnastics,New Zealand,1
Trampoline Gymnastics,People's Republic of China,4
Trampoline Gymnastics,Portugal,1
Trampoline Gymnastics,ROC,4
Trampoline Gymnastics,Ukraine,1
Trampoline Gymnastics,United States of America,2
Triathlon,Argentina,1
Triathlon,Australia,5
Triathlon,Austria,4
Triathlon,Azerbaijan,1
Triathlon,Belgium,3
Triathlon,Bermuda,1
Triathlon,Brazil,3
Triathlon,Canada,4
Triathlon,Chile,2
Triathlon,Czech Republic,2
Triathlon,Ecuador,1
Triathlon,Egypt,1
Triathlon,Estonia,1
Triathlon,France,5
Triathlon,Germany,4
Triathlon,Great Britain,5
Triathlon,"Hong Kong, China",1
Triathlon,Hungary,4
Triathlon,Ireland,2
Triathlon,Israel,2
Triathlon,Italy,5
Triathlon,Japan,4
Triathlon,Luxembourg,1
Triathlon,Mexico,4
Triathlon,Morocco,1
Triathlon,Netherlands,3
Triathlon,New Zealand,3
Triathlon,Norway,4
Triathlon,People's Republic of China,1
Triathlon,Portugal,3
Triathlon,ROC,4
Triathlon,Romania,1
Triathlon,South Africa,4
Triathlon,Spain,5
Triathlon,Switzerland,4
Triathlon,Syrian Arab Republic,1
Triathlon,Ukraine,1
Triathlon,United States of America,5
Volleyball,Argentina,23
Volleyball,Brazil,23
Volleyball,Canada,12
Volleyball,Dominican Republic,12
Volleyball,France,11
Volleyball,Islamic Republic of Iran,12
Volleyball,Italy,22
Volleyball,Japan,22
Volleyball,Kenya,12
Volleyball,People's Republic of China,12
Volleyball,Poland,11
Volleyball,ROC,22
Volleyball,Republic of Korea,12
Volleyball,Serbia,12
Volleyball,Tunisia,10
Volleyball,Turkey,12
Volleyball,United States of America,22
Volleyball,Venezuela,12
Water Polo,Australia,25
Water Polo,Canada,13
Water Polo,Croatia,12
Water Polo,Greece,12
Water Polo,Hungary,25
Water Polo,Italy,12
Water Polo,Japan,23
Water Polo,Kazakhstan,11
Water Polo,Montenegro,13
Water Polo,Netherlands,13
Water Polo,People's Republic of China,12
Water Polo,ROC,12
Water Polo,Serbia,13
Water Polo,South Africa,22
Water Polo,Spain,26
Water Polo,United States of America,25
Weightlifting,Albania,2
Weightlifting,Algeria,1
Weightlifting,American Samoa,1
Weightlifting,Armenia,2
Weightlifting,Australia,5
Weightlifting,Austria,2
Weightlifting,Belarus,2
Weightlifting,Belgium,2
Weightlifting,Botswana,1
Weightlifting,Brazil,2
Weightlifting,Bulgaria,2
Weightlifting,Cameroon,2
Weightlifting,Canada,5
Weightlifting,Chile,2
Weightlifting,Chinese Taipei,7
Weightlifting,Colombia,3
Weightlifting,Cuba,4
Weightlifting,Czech Republic,1
Weightlifting,Dominican Republic,4
Weightlifting,Ecuador,4
Weightlifting,France,4
Weightlifting,Georgia,4
Weightlifting,Germany,3
Weightlifting,Ghana,1
Weightlifting,Great Britain,4
Weightlifting,Greece,1
Weightlifting,Guatemala,1
Weightlifting,Hungary,1
Weightlifting,Indonesia,5
Weightlifting,Islamic Republic of Iran,2
Weightlifting,Israel,1
Weightlifting,Italy,3
Weightlifting,Japan,7
Weightlifting,Kazakhstan,2
Weightlifting,Kiribati,1
Weightlifting,Kyrgyzstan,1
Weightlifting,Latvia,2
Weightlifting,Lebanon,1
Weightlifting,Lithuania,1
Weightlifting,Madagascar,2
Weightlifting,Malta,1
Weightlifting,Mauritius,1
Weightlifting,Mexico,4
Weightlifting,Mongolia,2
Weightlifting,Morocco,1
Weightlifting,Nauru,1
Weightlifting,Netherlands,1
Weightlifting,New Zealand,5
Weightlifting,Nicaragua,1
Weightlifting,Oman,1
Weightlifting,Pakistan,1
Weightlifting,Palestine,1
Weightlifting,Papua New Guinea,1
Weightlifting,People's Republic of China,7
Weightlifting,Peru,1
Weightlifting,Philippines,2
Weightlifting,Poland,3
Weightlifting,ROC,2
Weightlifting,Refugee Olympic Team,1
Weightlifting,Republic of Korea,7
Weightlifting,Republic of Moldova,2
Weightlifting,Saudi Arabia,2
Weightlifting,Solomon Islands,1
Weightlifting,Spain,4
Weightlifting,Sweden,1
Weightlifting,Syrian Arab Republic,1
Weightlifting,Tonga,1
Weightlifting,Tunisia,5
Weightlifting,Turkey,1
Weightlifting,Turkmenistan,4
Weightlifting,Ukraine,2
Weightlifting,United States of America,8
Weightlifting,Uzbekistan,4
Weightlifting,Venezuela,4
Weightlifting,Vietnam,2
Wrestling,Algeria,7
Wrestling,Argentina,1
Wrestling,Armenia,6
Wrestling,Azerbaijan,7
Wrestling,Belarus,8
Wrestling,Brazil,3
Wrestling,Bulgaria,7
Wrestling,Canada,4
Wrestling,Chile,1
Wrestling,Colombia,3
Wrestling,Croatia,1
Wrestling,Cuba,12
Wrestling,Czech Republic,1
Wrestling,Denmark,1
Wrestling,Ecuador,2
Wrestling,Egypt,8
Wrestling,Estonia,2
Wrestling,Finland,2
Wrestling,France,2
Wrestling,Georgia,7
Wrestling,Germany,7
Wrestling,Greece,2
Wrestling,Guam,1
Wrestling,Guinea,1
Wrestling,Guinea-Bissau,2
Wrestling,Hungary,5
Wrestling,India,7
Wrestling,Islamic Republic of Iran,11
Wrestling,Italy,2
Wrestling,Japan,11
Wrestling,Kazakhstan,10
Wrestling,Kosovo,1
Wrestling,Kyrgyzstan,9
Wrestling,Latvia,1
Wrestling,Lithuania,1
Wrestling,Mexico,2
Wrestling,Mongolia,9
Wrestling,Morocco,1
Wrestling,Nigeria,5
Wrestling,North Macedonia,1
Wrestling,People's Republic of China,11
Wrestling,Peru,1
Wrestling,Poland,6
Wrestling,Puerto Rico,1
Wrestling,ROC,16
Wrestling,Refugee Olympic Team,1
Wrestling,Republic of Korea,2
Wrestling,Republic of Moldova,2
Wrestling,Romania,5
Wrestling,San Marino,1
Wrestling,Senegal,1
Wrestling,Serbia,4
Wrestling,Slovakia,1
Wrestling,Sweden,3
Wrestling,Switzerland,1
Wrestling,Tunisia,9
Wrestling,Turkey,9
Wrestling,Ukraine,9
Wrestling,United States of America,14
Wrestling,Uzbekistan,8
